ticker,bucket,panel_max,last_row_date,last_joint_usable,sessions_behind,cf_tail_length,gap_gt5d_last_60d,joint_usable_n,market_fixable,last_non_cf_provider,last_issuer_ok_provider,last_issuer_ok_date,last_stale_kind,tradeable
AAPB,current,2026-10-02,2026-10-01,2026-10-01,1,0,0,1018,False,granite_shares,granite_shares,2026-10-01,issuer_lag,True
AAPX,current,2026-10-02,2026-10-01,2026-10-01,1,0,0,663,False,rex_shares,rex_shares,2026-10-01,issuer_lag,True
AFRU,current,2026-10-02,2026-10-01,2026-10-01,1,0,0,245,False,rex_shares,rex_shares,2026-10-01,issuer_lag,True
AHD,current,2026-10-02,2026-10-01,2026-10-01,1,0,0,93,False,granite_shares,granite_shares,2026-10-01,issuer_lag,False
AMDL,current,2026-10-02,2026-10-01,2026-10-01,1,0,0,619,False,granite_shares,granite_shares,2026-10-01,issuer_lag,True
AMYY,current,2026-10-02,2026-10-01,2026-10-01,1,0,0,237,False,granite_shares,granite_shares,2026-10-01,issuer_lag,True
AMZZ,current,2026-10-02,2026-10-01,2026-10-01,1,0,0,620,False,granite_shares,granite_shares,2026-10-01,issuer_lag,True
ANV,current,2026-10-02,2026-10-01,2026-10-01,1,0,0,165,False,granite_shares,granite_shares,2026-10-01,issuer_lag,False
APHU,current,2026-10-02,2026-10-01,2026-10-01,1,0,0,139,False,rex_shares,rex_shares,2026-10-01,issuer_lag,True
ATC,current,2026-10-02,2026-10-01,2026-10-01,1,0,0,97,False,granite_shares,granite_shares,2026-10-01,issuer_lag,False
AVGU,current,2026-10-02,2026-10-01,2026-10-01,1,0,0,288,False,granite_shares,granite_shares,2026-10-01,issuer_lag,True
AZYY,current,2026-10-02,2026-10-01,2026-10-01,1,0,0,237,False,granite_shares,granite_shares,2026-10-01,issuer_lag,True
BABX,current,2026-10-02,2026-10-01,2026-10-01,1,0,0,933,False,granite_shares,granite_shares,2026-10-01,issuer_lag,True
BBUL,current,2026-10-02,2026-10-01,2026-10-01,1,0,0,58,False,granite_shares,granite_shares,2026-10-01,issuer_lag,True
BBYY,current,2026-10-02,2026-10-01,2026-10-01,1,0,0,217,False,granite_shares,granite_shares,2026-10-01,issuer_lag,True
BIOY,current,2026-10-02,2026-10-01,2026-10-01,1,0,0,80,False,granite_shares,granite_shares,2026-10-01,issuer_lag,True
BMNU,current,2026-10-02,2026-10-01,2026-10-01,1,0,0,237,False,rex_shares,rex_shares,2026-10-01,issuer_lag,True
BTCL,current,2026-10-02,2026-10-01,2026-10-01,1,0,0,540,False,rex_shares,rex_shares,2026-10-01,issuer_lag,True
BTCZ,current,2026-10-02,2026-10-01,2026-10-01,1,0,0,539,False,rex_shares,rex_shares,2026-10-01,issuer_lag,True
BTDL,current,2026-10-02,2026-10-01,2026-10-01,1,0,0,44,False,granite_shares,granite_shares,2026-10-01,issuer_lag,True
CCUP,current,2026-10-02,2026-10-01,2026-10-01,1,0,0,270,False,rex_shares,rex_shares,2026-10-01,issuer_lag,True
CIFU,current,2026-10-02,2026-10-01,2026-10-01,1,0,0,197,False,rex_shares,rex_shares,2026-10-01,issuer_lag,True
CONI,current,2026-10-02,2026-10-01,2026-10-01,1,0,0,500,False,granite_shares,granite_shares,2026-10-01,issuer_lag,True
CONL,current,2026-10-02,2026-10-01,2026-10-01,1,0,0,1019,False,granite_shares,granite_shares,2026-10-01,issuer_lag,True
CORD,current,2026-10-02,2026-10-01,2026-10-01,1,0,0,237,False,rex_shares,rex_shares,2026-10-01,issuer_lag,True
COYY,current,2026-10-02,2026-10-01,2026-10-01,1,0,0,274,False,granite_shares,granite_shares,2026-10-01,issuer_lag,True
CRCD,current,2026-10-02,2026-10-01,2026-10-01,1,0,0,237,False,rex_shares,rex_shares,2026-10-01,issuer_lag,True
CRWL,current,2026-10-02,2026-10-01,2026-10-01,1,0,0,450,False,granite_shares,granite_shares,2026-10-01,issuer_lag,True
CRWU,current,2026-10-02,2026-10-01,2026-10-01,1,0,0,280,False,rex_shares,rex_shares,2026-10-01,issuer_lag,True
CRY,current,2026-10-02,2026-10-01,2026-10-01,1,0,0,86,False,granite_shares,granite_shares,2026-10-01,issuer_lag,True
CWY,current,2026-10-02,2026-10-01,2026-10-01,1,0,0,86,False,granite_shares,granite_shares,2026-10-01,issuer_lag,True
DJTU,current,2026-10-02,2026-10-01,2026-10-01,1,0,0,380,False,rex_shares,rex_shares,2026-10-01,issuer_lag,True
DLLL,current,2026-10-02,2026-10-01,2026-10-01,1,0,0,389,False,granite_shares,granite_shares,2026-10-01,issuer_lag,True
EOSU,current,2026-10-02,2026-10-01,2026-10-01,1,0,0,162,False,rex_shares,rex_shares,2026-10-01,issuer_lag,True
ETU,current,2026-10-02,2026-10-01,2026-10-01,1,0,0,467,False,rex_shares,rex_shares,2026-10-01,issuer_lag,True
FBL,current,2026-10-02,2026-10-01,2026-10-01,1,0,0,934,False,granite_shares,granite_shares,2026-10-01,issuer_lag,True
FBYY,current,2026-10-02,2026-10-01,2026-10-01,1,0,0,217,False,granite_shares,granite_shares,2026-10-01,issuer_lag,True
FGRU,current,2026-10-02,2026-10-01,2026-10-01,1,0,0,138,False,rex_shares,rex_shares,2026-10-01,issuer_lag,True
FINY,current,2026-10-02,2026-10-01,2026-10-01,1,0,0,80,False,granite_shares,granite_shares,2026-10-01,issuer_lag,True
FIYY,current,2026-10-02,2026-10-01,2026-10-01,1,0,0,88,False,granite_shares,granite_shares,2026-10-01,issuer_lag,True
GLXU,current,2026-10-02,2026-10-01,2026-10-01,1,0,0,271,False,rex_shares,rex_shares,2026-10-01,issuer_lag,True
GMEU,current,2026-10-02,2026-10-01,2026-10-01,1,0,0,342,False,rex_shares,rex_shares,2026-10-01,issuer_lag,True
GOOX,current,2026-10-02,2026-10-01,2026-10-01,1,0,0,665,False,rex_shares,rex_shares,2026-10-01,issuer_lag,True
GOU,current,2026-10-02,2026-10-01,2026-10-01,1,0,0,191,False,granite_shares,granite_shares,2026-10-01,issuer_lag,True
HMYY,current,2026-10-02,2026-10-01,2026-10-01,1,0,0,188,False,granite_shares,granite_shares,2026-10-01,issuer_lag,True
HOYY,current,2026-10-02,2026-10-01,2026-10-01,1,0,0,233,False,granite_shares,granite_shares,2026-10-01,issuer_lag,True
INTW,current,2026-10-02,2026-10-01,2026-10-01,1,0,0,390,False,granite_shares,granite_shares,2026-10-01,issuer_lag,True
IONL,current,2026-10-02,2026-10-01,2026-10-01,1,0,0,361,False,granite_shares,granite_shares,2026-10-01,issuer_lag,True
IOYY,current,2026-10-02,2026-10-01,2026-10-01,1,0,0,207,False,granite_shares,granite_shares,2026-10-01,issuer_lag,True
ISUL,current,2026-10-02,2026-10-01,2026-10-01,1,0,0,228,False,granite_shares,granite_shares,2026-10-01,issuer_lag,True
KTUP,current,2026-10-02,2026-10-01,2026-10-01,1,0,0,245,False,rex_shares,rex_shares,2026-10-01,issuer_lag,True
MAAY,current,2026-10-02,2026-10-01,2026-10-01,1,0,0,205,False,granite_shares,granite_shares,2026-10-01,issuer_lag,True
MRA,current,2026-10-02,2026-10-01,2026-10-01,1,0,0,88,False,granite_shares,granite_shares,2026-10-01,issuer_lag,False
MRAL,current,2026-10-02,2026-10-01,2026-10-01,1,0,0,377,False,granite_shares,granite_shares,2026-10-01,issuer_lag,True
MSFL,current,2026-10-02,2026-10-01,2026-10-01,1,0,0,613,False,granite_shares,granite_shares,2026-10-01,issuer_lag,True
MSFX,current,2026-10-02,2026-10-01,2026-10-01,1,0,0,663,False,rex_shares,rex_shares,2026-10-01,issuer_lag,True
MSR,current,2026-10-02,2026-10-01,2026-10-01,1,0,0,97,False,granite_shares,granite_shares,2026-10-01,issuer_lag,False
MSTP,current,2026-10-02,2026-10-01,2026-10-01,1,0,0,313,False,granite_shares,granite_shares,2026-10-01,issuer_lag,True
MSTU,current,2026-10-02,2026-10-01,2026-10-01,1,0,0,490,False,rex_shares,rex_shares,2026-10-01,issuer_lag,True
MSTZ,current,2026-10-02,2026-10-01,2026-10-01,1,0,0,490,False,rex_shares,rex_shares,2026-10-01,issuer_lag,True
MTYY,current,2026-10-02,2026-10-01,2026-10-01,1,0,0,237,False,granite_shares,granite_shares,2026-10-01,issuer_lag,True
MULL,current,2026-10-02,2026-10-01,2026-10-01,1,0,0,451,False,granite_shares,granite_shares,2026-10-01,issuer_lag,True
MUYY,current,2026-10-02,2026-10-01,2026-10-01,1,0,0,90,False,granite_shares,granite_shares,2026-10-01,issuer_lag,True
MVLL,current,2026-10-02,2026-10-01,2026-10-01,1,0,0,375,False,granite_shares,granite_shares,2026-10-01,issuer_lag,True
NBIL,current,2026-10-02,2026-10-01,2026-10-01,1,0,0,227,False,granite_shares,granite_shares,2026-10-01,issuer_lag,True
NFLU,current,2026-10-02,2026-10-01,2026-10-01,1,0,0,484,False,rex_shares,rex_shares,2026-10-01,issuer_lag,True
NOWL,current,2026-10-02,2026-10-01,2026-10-01,1,0,0,285,False,granite_shares,granite_shares,2026-10-01,issuer_lag,True
NTAL,current,2026-10-02,2026-10-01,2026-10-01,1,0,0,44,False,granite_shares,granite_shares,2026-10-01,issuer_lag,True
NUGY,current,2026-10-02,2026-10-01,2026-10-01,1,0,0,193,False,granite_shares,granite_shares,2026-10-01,issuer_lag,True
NVD,current,2026-10-02,2026-10-01,2026-10-01,1,0,0,760,False,granite_shares,granite_shares,2026-10-01,issuer_lag,True
NVDL,current,2026-10-02,2026-10-01,2026-10-01,1,0,0,933,False,granite_shares,granite_shares,2026-10-01,issuer_lag,True
NVDQ,current,2026-10-02,2026-10-01,2026-10-01,1,0,0,718,False,rex_shares,rex_shares,2026-10-01,issuer_lag,True
NVDX,current,2026-10-02,2026-10-01,2026-10-01,1,0,0,718,False,rex_shares,rex_shares,2026-10-01,issuer_lag,True
NVYY,current,2026-10-02,2026-10-01,2026-10-01,1,0,0,327,False,granite_shares,granite_shares,2026-10-01,issuer_lag,True
PDDL,current,2026-10-02,2026-10-01,2026-10-01,1,0,0,282,False,granite_shares,granite_shares,2026-10-01,issuer_lag,True
PLA,current,2026-10-02,2026-10-01,2026-10-01,1,0,0,93,False,granite_shares,granite_shares,2026-10-01,issuer_lag,False
PLYY,current,2026-10-02,2026-10-01,2026-10-01,1,0,0,237,False,granite_shares,granite_shares,2026-10-01,issuer_lag,True
PTIR,current,2026-10-02,2026-10-01,2026-10-01,1,0,0,503,False,granite_shares,granite_shares,2026-10-01,issuer_lag,True
PUL,current,2026-10-02,2026-10-01,2026-10-01,1,0,0,58,False,granite_shares,granite_shares,2026-10-01,issuer_lag,True
QBY,current,2026-10-02,2026-10-01,2026-10-01,1,0,0,189,False,granite_shares,granite_shares,2026-10-01,issuer_lag,True
QCML,current,2026-10-02,2026-10-01,2026-10-01,1,0,0,355,False,granite_shares,granite_shares,2026-10-01,issuer_lag,True
RBLU,current,2026-10-02,2026-10-01,2026-10-01,1,0,0,378,False,rex_shares,rex_shares,2026-10-01,issuer_lag,True
RDTL,current,2026-10-02,2026-10-01,2026-10-01,1,0,0,364,False,granite_shares,granite_shares,2026-10-01,issuer_lag,True
RDWU,current,2026-10-02,2026-10-01,2026-10-01,1,0,0,149,False,rex_shares,rex_shares,2026-10-01,issuer_lag,True
RGYY,current,2026-10-02,2026-10-01,2026-10-01,1,0,0,189,False,granite_shares,granite_shares,2026-10-01,issuer_lag,True
ROBN,current,2026-10-02,2026-10-01,2026-10-01,1,0,0,399,False,rex_shares,rex_shares,2026-10-01,issuer_lag,True
RTYY,current,2026-10-02,2026-10-01,2026-10-01,1,0,0,187,False,granite_shares,granite_shares,2026-10-01,issuer_lag,True
RVNL,current,2026-10-02,2026-10-01,2026-10-01,1,0,0,342,False,granite_shares,granite_shares,2026-10-01,issuer_lag,True
SBTU,current,2026-10-02,2026-10-01,2026-10-01,1,0,0,218,False,rex_shares,rex_shares,2026-10-01,issuer_lag,True
SCA,current,2026-10-02,2026-10-01,2026-10-01,1,0,0,88,False,granite_shares,granite_shares,2026-10-01,issuer_lag,False
SEMY,current,2026-10-02,2026-10-01,2026-10-01,1,0,0,197,False,granite_shares,granite_shares,2026-10-01,issuer_lag,True
SKDD,current,2026-10-02,2026-10-01,2026-10-01,1,0,0,45,False,granite_shares,granite_shares,2026-10-01,issuer_lag,True
SKUU,current,2026-10-02,2026-10-01,2026-10-01,1,0,0,46,False,granite_shares,granite_shares,2026-10-01,issuer_lag,True
SMCL,current,2026-10-02,2026-10-01,2026-10-01,1,0,0,430,False,granite_shares,granite_shares,2026-10-01,issuer_lag,True
SMUP,current,2026-10-02,2026-10-01,2026-10-01,1,0,0,278,False,rex_shares,rex_shares,2026-10-01,issuer_lag,True
SMYY,current,2026-10-02,2026-10-01,2026-10-01,1,0,0,226,False,granite_shares,granite_shares,2026-10-01,issuer_lag,True
SNDU,current,2026-10-02,2026-10-01,2026-10-01,1,0,0,121,False,rex_shares,rex_shares,2026-10-01,issuer_lag,True
SNK,current,2026-10-02,2026-10-01,2026-10-01,1,0,0,62,False,granite_shares,granite_shares,2026-10-01,issuer_lag,True
SNOU,current,2026-10-02,2026-10-01,2026-10-01,1,0,0,342,False,rex_shares,rex_shares,2026-10-01,issuer_lag,True
SPAL,current,2026-10-02,2026-10-01,2026-10-01,1,0,0,63,False,granite_shares,granite_shares,2026-10-01,issuer_lag,True
TDCL,current,2026-10-02,2026-10-01,2026-10-01,1,0,0,46,False,granite_shares,granite_shares,2026-10-01,issuer_lag,True
TECY,current,2026-10-02,2026-10-01,2026-10-01,1,0,0,76,False,granite_shares,granite_shares,2026-10-01,issuer_lag,True
TLA,current,2026-10-02,2026-10-01,2026-10-01,1,0,0,165,False,granite_shares,granite_shares,2026-10-01,issuer_lag,False
TMYY,current,2026-10-02,2026-10-01,2026-10-01,1,0,0,88,False,granite_shares,granite_shares,2026-10-01,issuer_lag,True
TQQY,current,2026-10-02,2026-10-01,2026-10-01,1,0,0,380,False,granite_shares,granite_shares,2026-10-01,issuer_lag,True
TSDD,current,2026-10-02,2026-10-01,2026-10-01,1,0,0,759,False,granite_shares,granite_shares,2026-10-01,issuer_lag,True
TSLR,current,2026-10-02,2026-10-01,2026-10-01,1,0,0,758,False,granite_shares,granite_shares,2026-10-01,issuer_lag,True
TSLT,current,2026-10-02,2026-10-01,2026-10-01,1,0,0,719,False,rex_shares,rex_shares,2026-10-01,issuer_lag,True
TSMU,current,2026-10-02,2026-10-01,2026-10-01,1,0,0,450,False,granite_shares,granite_shares,2026-10-01,issuer_lag,True
TSYY,current,2026-10-02,2026-10-01,2026-10-01,1,0,0,421,False,granite_shares,granite_shares,2026-10-01,issuer_lag,True
TTDU,current,2026-10-02,2026-10-01,2026-10-01,1,0,0,243,False,rex_shares,rex_shares,2026-10-01,issuer_lag,True
UBRL,current,2026-10-02,2026-10-01,2026-10-01,1,0,0,502,False,granite_shares,granite_shares,2026-10-01,issuer_lag,True
VRTL,current,2026-10-02,2026-10-01,2026-10-01,1,0,0,363,False,granite_shares,granite_shares,2026-10-01,issuer_lag,True
XBTY,current,2026-10-02,2026-10-01,2026-10-01,1,0,0,328,False,granite_shares,granite_shares,2026-10-01,issuer_lag,True
XEY,current,2026-10-02,2026-10-01,2026-10-01,1,0,0,85,False,granite_shares,granite_shares,2026-10-01,issuer_lag,True
YBST,current,2026-10-02,2026-10-01,2026-10-01,1,0,0,423,False,fof_child_synthetic,,,nan,True
YBTY,current,2026-10-02,2026-10-01,2026-10-01,1,0,0,420,False,fof_child_synthetic,,,nan,True
YSPY,current,2026-10-02,2026-10-01,2026-10-01,1,0,0,350,False,granite_shares,granite_shares,2026-10-01,issuer_lag,True
AALG,current,2026-10-02,2026-10-02,2026-10-02,0,0,0,296,False,yfinance,yfinance,2026-10-02,nan,True
AAOG,current,2026-10-02,2026-10-02,2026-10-02,0,0,0,84,False,yfinance,yfinance,2026-10-02,nan,True
AAOX,current,2026-10-02,2026-10-02,2026-10-02,0,0,0,123,False,tradr_axs,tradr_axs,2026-10-02,nan,True
AAOZ,current,2026-10-02,2026-10-02,2026-10-02,0,0,0,50,False,tradr_axs,tradr_axs,2026-10-02,nan,True
AAPE,current,2026-10-02,2026-10-02,2026-10-02,0,0,0,63,False,yfinance,yfinance,2026-10-02,nan,True
AAPU,current,2026-10-02,2026-10-02,2026-10-02,0,0,0,1023,False,direxion,direxion,2026-10-02,nan,True
AAPW,current,2026-10-02,2026-10-02,2026-10-02,0,0,0,396,False,roundhill,roundhill,2026-10-02,nan,False
ACLZ,current,2026-10-02,2026-10-02,2026-10-02,0,0,0,63,False,yfinance,yfinance,2026-10-02,nan,True
ACMM,current,2026-10-02,2026-10-02,2026-10-02,0,0,0,62,False,yfinance,yfinance,2026-10-02,nan,True
ADBG,current,2026-10-02,2026-10-02,2026-10-02,0,0,0,368,False,yfinance,yfinance,2026-10-02,nan,True
ADBU,current,2026-10-02,2026-10-02,2026-10-02,0,0,0,107,False,market_backed,merged,2026-08-20,market_backed_no_issuer_nav,True
ADIU,current,2026-10-02,2026-10-02,2026-10-02,0,0,0,63,False,yfinance,yfinance,2026-10-02,nan,True
AEHG,current,2026-10-02,2026-10-02,2026-10-02,0,0,0,62,False,yfinance,yfinance,2026-10-02,nan,True
AIYY,current,2026-10-02,2026-10-02,2026-10-02,0,0,0,699,False,yieldmax,yieldmax,2026-10-02,nan,False
AKAL,current,2026-10-02,2026-10-02,2026-10-02,0,0,0,41,False,yfinance,yfinance,2026-10-02,nan,True
ALBG,current,2026-10-02,2026-10-02,2026-10-02,0,0,0,162,False,yfinance,yfinance,2026-10-02,nan,True
AMA,current,2026-10-02,2026-10-02,2026-10-02,0,0,0,92,False,defiance,defiance,2026-10-02,nan,True
AMAA,current,2026-10-02,2026-10-02,2026-10-02,0,0,0,64,False,yfinance,yfinance,2026-10-02,nan,True
AMAU,current,2026-10-02,2026-10-02,2026-10-02,0,0,0,83,False,yfinance,yfinance,2026-10-02,nan,True
AMDC,current,2026-10-02,2026-10-02,2026-10-02,0,0,0,64,False,yfinance,yfinance,2026-10-02,nan,True
AMDG,current,2026-10-02,2026-10-02,2026-10-02,0,0,0,404,False,yfinance,yfinance,2026-10-02,nan,True
AMDW,current,2026-10-02,2026-10-02,2026-10-02,0,0,0,290,False,roundhill,roundhill,2026-10-02,nan,False
AMDY,current,2026-10-02,2026-10-02,2026-10-02,0,0,0,739,False,yieldmax,yieldmax,2026-10-02,nan,False
AMKL,current,2026-10-02,2026-10-02,2026-10-02,0,0,0,91,False,defiance,defiance,2026-10-02,nan,True
AMPU,current,2026-10-02,2026-10-02,2026-10-02,0,0,0,91,False,defiance,defiance,2026-10-02,nan,True
AMUU,current,2026-10-02,2026-10-02,2026-10-02,0,0,0,362,False,yfinance,yfinance,2026-10-02,nan,True
AMZG,current,2026-10-02,2026-10-02,2026-10-02,0,0,0,63,False,yfinance,yfinance,2026-10-02,nan,True
AMZO,current,2026-10-02,2026-10-02,2026-10-02,0,0,0,125,False,tradr_axs,tradr_axs,2026-10-02,nan,True
AMZU,current,2026-10-02,2026-10-02,2026-10-02,0,0,0,1003,False,direxion,direxion,2026-10-02,nan,True
AMZW,current,2026-10-02,2026-10-02,2026-10-02,0,0,0,314,False,roundhill,roundhill,2026-10-02,nan,False
AMZY,current,2026-10-02,2026-10-02,2026-10-02,0,0,0,778,False,yieldmax,yieldmax,2026-10-02,nan,False
ANEL,current,2026-10-02,2026-10-02,2026-10-02,0,0,0,254,False,defiance,defiance,2026-10-02,nan,True
APHG,current,2026-10-02,2026-10-02,2026-10-02,0,0,0,67,False,yfinance,yfinance,2026-10-02,nan,True
APLX,current,2026-10-02,2026-10-02,2026-10-02,0,0,0,260,False,tradr_axs,tradr_axs,2026-10-02,nan,True
APLY,current,2026-10-02,2026-10-02,2026-10-02,0,0,0,845,False,yieldmax,yieldmax,2026-10-02,nan,False
APLZ,current,2026-10-02,2026-10-02,2026-10-02,0,0,0,167,False,tradr_axs,tradr_axs,2026-10-02,nan,True
APPC,current,2026-10-02,2026-10-02,2026-10-02,0,0,0,61,False,yfinance,yfinance,2026-10-02,nan,True
APPX,current,2026-10-02,2026-10-02,2026-10-02,0,0,0,353,False,tradr_axs,tradr_axs,2026-10-02,nan,True
ARCX,current,2026-10-02,2026-10-02,2026-10-02,0,0,0,322,False,tradr_axs,tradr_axs,2026-10-02,nan,True
ARMG,current,2026-10-02,2026-10-02,2026-10-02,0,0,0,416,False,yfinance,yfinance,2026-10-02,nan,True
ARMW,current,2026-10-02,2026-10-02,2026-10-02,0,0,0,226,False,roundhill,roundhill,2026-10-02,nan,False
ASMG,current,2026-10-02,2026-10-02,2026-10-02,0,0,0,412,False,yfinance,yfinance,2026-10-02,nan,True
ASMU,current,2026-10-02,2026-10-02,2026-10-02,0,0,0,143,False,yfinance,yfinance,2026-10-02,nan,True
ASSX,current,2026-10-02,2026-10-02,2026-10-02,0,0,0,8,False,merged,,,market_backed_no_issuer_nav,True
ASTG,current,2026-10-02,2026-10-02,2026-10-02,0,0,0,64,False,yfinance,yfinance,2026-10-02,nan,True
ASTN,current,2026-10-02,2026-10-02,2026-10-02,0,0,0,150,False,defiance,defiance,2026-10-02,nan,True
ASTT,current,2026-10-02,2026-10-02,2026-10-02,0,0,0,64,False,yfinance,yfinance,2026-10-02,nan,True
ASTX,current,2026-10-02,2026-10-02,2026-10-02,0,0,0,301,False,tradr_axs,tradr_axs,2026-10-02,nan,True
ASTY,current,2026-10-02,2026-10-02,2026-10-02,0,0,0,78,False,defiance,defiance,2026-10-02,nan,True
ASUP,current,2026-10-02,2026-10-02,2026-10-02,0,0,0,78,False,yfinance,yfinance,2026-10-02,nan,True
AVAZ,current,2026-10-02,2026-10-02,2026-10-02,0,0,0,90,False,yfinance,yfinance,2026-10-02,nan,True
AVGG,current,2026-10-02,2026-10-02,2026-10-02,0,0,0,331,False,yfinance,yfinance,2026-10-02,nan,True
AVGW,current,2026-10-02,2026-10-02,2026-10-02,0,0,0,290,False,roundhill,roundhill,2026-10-02,nan,False
AVGX,current,2026-10-02,2026-10-02,2026-10-02,0,0,0,515,False,defiance,defiance,2026-10-02,nan,True
AVL,current,2026-10-02,2026-10-02,2026-10-02,0,0,0,479,False,yfinance,yfinance,2026-10-02,nan,True
AVXX,current,2026-10-02,2026-10-02,2026-10-02,0,0,0,220,False,defiance,defiance,2026-10-02,nan,True
AXTL,current,2026-10-02,2026-10-02,2026-10-02,0,0,0,69,False,yfinance,yfinance,2026-10-02,nan,True
AXTQ,current,2026-10-02,2026-10-02,2026-10-02,0,0,0,33,False,tradr_axs,tradr_axs,2026-10-02,nan,True
AXTU,current,2026-10-02,2026-10-02,2026-10-02,0,0,0,88,False,yfinance,yfinance,2026-10-02,nan,True
AXTX,current,2026-10-02,2026-10-02,2026-10-02,0,0,0,103,False,tradr_axs,tradr_axs,2026-10-02,nan,True
BABO,current,2026-10-02,2026-10-02,2026-10-02,0,0,0,517,False,yieldmax,yieldmax,2026-10-02,nan,False
BABU,current,2026-10-02,2026-10-02,2026-10-02,0,0,0,142,False,direxion,direxion,2026-10-02,nan,True
BABW,current,2026-10-02,2026-10-02,2026-10-02,0,0,0,226,False,roundhill,roundhill,2026-10-02,nan,False
BAIG,current,2026-10-02,2026-10-02,2026-10-02,0,0,0,261,False,yfinance,yfinance,2026-10-02,nan,True
BEG,current,2026-10-02,2026-10-02,2026-10-02,0,0,0,185,False,yfinance,yfinance,2026-10-02,nan,True
BEX,current,2026-10-02,2026-10-02,2026-10-02,0,0,0,213,False,tradr_axs,tradr_axs,2026-10-02,nan,True
BEZ,current,2026-10-02,2026-10-02,2026-10-02,0,0,0,153,False,tradr_axs,tradr_axs,2026-10-02,nan,True
BIDG,current,2026-10-02,2026-10-02,2026-10-02,0,0,0,178,False,yfinance,yfinance,2026-10-02,nan,True
BITU,current,2026-10-02,2026-10-02,2026-10-02,0,0,0,619,False,proshares,proshares,2026-10-02,nan,True
BITX,current,2026-10-02,2026-10-02,2026-10-02,0,0,0,671,False,yfinance,yfinance,2026-10-02,nan,True
BLSG,current,2026-10-02,2026-10-02,2026-10-02,0,0,0,219,False,yfinance,yfinance,2026-10-02,nan,True
BMNG,current,2026-10-02,2026-10-02,2026-10-02,0,0,0,221,False,yfinance,yfinance,2026-10-02,nan,True
BMNZ,current,2026-10-02,2026-10-02,2026-10-02,0,0,0,208,False,defiance,defiance,2026-10-02,nan,True
BOEG,current,2026-10-02,2026-10-02,2026-10-02,0,0,0,302,False,yfinance,yfinance,2026-10-02,nan,True
BOEU,current,2026-10-02,2026-10-02,2026-10-02,0,0,0,345,False,direxion,direxion,2026-10-02,nan,True
BRKC,current,2026-10-02,2026-10-02,2026-10-02,0,0,0,303,False,yfinance,yfinance,2026-10-02,nan,False
BRKU,current,2026-10-02,2026-10-02,2026-10-02,0,0,0,434,False,direxion,direxion,2026-10-02,nan,True
BRKW,current,2026-10-02,2026-10-02,2026-10-02,0,0,0,314,False,roundhill,roundhill,2026-10-02,nan,False
BRZD,current,2026-10-02,2026-10-02,2026-10-02,0,0,0,31,False,yfinance,yfinance,2026-10-02,issuer_lag,True
BRZL,current,2026-10-02,2026-10-02,2026-10-02,0,0,0,31,False,yfinance,yfinance,2026-10-02,nan,True
BTCU,current,2026-10-02,2026-10-02,2026-10-02,0,0,0,75,False,market_backed,yfinance,2026-08-31,market_backed_no_issuer_nav,True
BULG,current,2026-10-02,2026-10-02,2026-10-02,0,0,0,273,False,yfinance,yfinance,2026-10-02,nan,True
CAMC,current,2026-10-02,2026-10-02,2026-10-02,0,0,0,62,False,yfinance,yfinance,2026-10-02,nan,True
CARX,current,2026-10-02,2026-10-02,2026-10-02,0,0,0,64,False,yfinance,yfinance,2026-10-02,nan,True
CATG,current,2026-10-02,2026-10-02,2026-10-02,0,0,0,90,False,yfinance,yfinance,2026-10-02,nan,True
CBRG,current,2026-10-02,2026-10-02,2026-10-02,0,0,0,82,False,yfinance,yfinance,2026-10-02,nan,True
CBRX,current,2026-10-02,2026-10-02,2026-10-02,0,0,0,79,False,tradr_axs,tradr_axs,2026-10-02,nan,True
CBRZ,current,2026-10-02,2026-10-02,2026-10-02,0,0,0,79,False,tradr_axs,tradr_axs,2026-10-02,nan,True
CDNG,current,2026-10-02,2026-10-02,2026-10-02,0,0,0,65,False,yfinance,yfinance,2026-10-02,nan,True
CEGX,current,2026-10-02,2026-10-02,2026-10-02,0,0,0,301,False,tradr_axs,tradr_axs,2026-10-02,nan,True
CHAU,current,2026-10-02,2026-10-02,2026-10-02,0,0,0,2860,False,yfinance,yfinance,2026-10-02,nan,True
CHNU,current,2026-10-02,2026-10-02,2026-10-02,0,0,0,109,False,yfinance,yfinance,2026-10-02,nan,True
CIEG,current,2026-10-02,2026-10-02,2026-10-02,0,0,0,86,False,yfinance,yfinance,2026-10-02,nan,True
CIEX,current,2026-10-02,2026-10-02,2026-10-02,0,0,0,64,False,tradr_axs,tradr_axs,2026-10-02,nan,True
CIFG,current,2026-10-02,2026-10-02,2026-10-02,0,0,0,186,False,yfinance,yfinance,2026-10-02,nan,True
CLSX,current,2026-10-02,2026-10-02,2026-10-02,0,0,0,255,False,tradr_axs,tradr_axs,2026-10-02,nan,True
COHH,current,2026-10-02,2026-10-02,2026-10-02,0,0,0,82,False,yfinance,yfinance,2026-10-02,nan,True
COHQ,current,2026-10-02,2026-10-02,2026-10-02,0,0,0,33,False,tradr_axs,tradr_axs,2026-10-02,nan,True
COHX,current,2026-10-02,2026-10-02,2026-10-02,0,0,0,148,False,tradr_axs,tradr_axs,2026-10-02,nan,True
COIA,current,2026-10-02,2026-10-02,2026-10-02,0,0,0,259,False,proshares,proshares,2026-10-02,nan,True
COIG,current,2026-10-02,2026-10-02,2026-10-02,0,0,0,372,False,yfinance,yfinance,2026-10-02,nan,True
COIW,current,2026-10-02,2026-10-02,2026-10-02,0,0,0,397,False,roundhill,roundhill,2026-10-02,nan,False
COIX,current,2026-10-02,2026-10-02,2026-10-02,0,0,0,65,False,yfinance,yfinance,2026-10-02,nan,True
CONX,current,2026-10-02,2026-10-02,2026-10-02,0,0,0,199,False,direxion,direxion,2026-10-02,issuer_lag,True
CONY,current,2026-10-02,2026-10-02,2026-10-02,0,0,0,764,False,yieldmax,yieldmax,2026-10-02,issuer_lag,False
COPZ,current,2026-10-02,2026-10-02,2026-10-02,0,0,0,141,False,defiance,defiance,2026-10-02,nan,True
COSW,current,2026-10-02,2026-10-02,2026-10-02,0,0,0,226,False,roundhill,roundhill,2026-10-02,nan,False
COTG,current,2026-10-02,2026-10-02,2026-10-02,0,0,0,242,False,yfinance,yfinance,2026-10-02,nan,True
COZX,current,2026-10-02,2026-10-02,2026-10-02,0,0,0,219,False,tradr_axs,tradr_axs,2026-10-02,nan,True
CPNX,current,2026-10-02,2026-10-02,2026-10-02,0,0,0,103,False,tradr_axs,tradr_axs,2026-10-02,nan,True
CRCA,current,2026-10-02,2026-10-02,2026-10-02,0,0,0,281,False,proshares,proshares,2026-10-02,nan,True
CRCG,current,2026-10-02,2026-10-02,2026-10-02,0,0,0,276,False,yfinance,yfinance,2026-10-02,nan,True
CRCO,current,2026-10-02,2026-10-02,2026-10-02,0,0,0,219,False,market_backed,yfinance,2026-09-28,market_backed_no_issuer_nav,False
CRDU,current,2026-10-02,2026-10-02,2026-10-02,0,0,0,255,False,tradr_axs,tradr_axs,2026-10-02,nan,True
CRDX,current,2026-10-02,2026-10-02,2026-10-02,0,0,0,107,False,yfinance,yfinance,2026-10-02,nan,True
CRMG,current,2026-10-02,2026-10-02,2026-10-02,0,0,0,362,False,yfinance,yfinance,2026-10-02,nan,True
CRMU,current,2026-10-02,2026-10-02,2026-10-02,0,0,0,150,False,yfinance,yfinance,2026-10-02,nan,True
CRMX,current,2026-10-02,2026-10-02,2026-10-02,0,0,0,173,False,tradr_axs,tradr_axs,2026-10-02,nan,True
CRUC,current,2026-10-02,2026-10-02,2026-10-02,0,0,0,64,False,yfinance,yfinance,2026-10-02,nan,True
CRWG,current,2026-10-02,2026-10-02,2026-10-02,0,0,0,272,False,yfinance,yfinance,2026-10-02,nan,True
CSCL,current,2026-10-02,2026-10-02,2026-10-02,0,0,0,303,False,yfinance,yfinance,2026-10-02,nan,True
CSEX,current,2026-10-02,2026-10-02,2026-10-02,0,0,0,213,False,tradr_axs,tradr_axs,2026-10-02,nan,True
CVNY,current,2026-10-02,2026-10-02,2026-10-02,0,0,0,397,False,yieldmax,yieldmax,2026-10-02,nan,False
CWEB,current,2026-10-02,2026-10-02,2026-10-02,0,0,0,2465,False,direxion,direxion,2026-10-02,issuer_lag,True
CWVX,current,2026-10-02,2026-10-02,2026-10-02,0,0,0,301,False,tradr_axs,tradr_axs,2026-10-02,nan,True
DAMD,current,2026-10-02,2026-10-02,2026-10-02,0,0,0,206,False,defiance,defiance,2026-10-02,nan,True
DRAY,current,2026-10-02,2026-10-02,2026-10-02,0,0,0,294,False,yieldmax,yieldmax,2026-10-02,issuer_lag,False
DRIP,current,2026-10-02,2026-10-02,2026-10-02,0,0,0,2834,False,direxion,direxion,2026-10-02,nan,True
DUG,current,2026-10-02,2026-10-02,2026-10-02,0,0,0,4937,False,proshares,proshares,2026-10-02,nan,True
DUOG,current,2026-10-02,2026-10-02,2026-10-02,0,0,0,187,False,yfinance,yfinance,2026-10-02,nan,True
DUST,current,2026-10-02,2026-10-02,2026-10-02,0,0,0,3956,False,direxion,direxion,2026-10-02,nan,True
DXD,current,2026-10-02,2026-10-02,2026-10-02,0,0,0,5071,False,proshares,proshares,2026-10-02,nan,True
ELIL,current,2026-10-02,2026-10-02,2026-10-02,0,0,0,365,False,yfinance,yfinance,2026-10-02,nan,True
ENTL,current,2026-10-02,2026-10-02,2026-10-02,0,0,0,848,False,yfinance,yfinance,2026-10-02,nan,True
ERX,current,2026-10-02,2026-10-02,2026-10-02,0,0,0,4469,False,direxion,direxion,2026-10-02,nan,True
ETHD,current,2026-10-02,2026-10-02,2026-10-02,0,0,0,543,False,proshares,proshares,2026-10-02,nan,True
ETHT,current,2026-10-02,2026-10-02,2026-10-02,0,0,0,543,False,proshares,proshares,2026-10-02,nan,True
ETHU,current,2026-10-02,2026-10-02,2026-10-02,0,0,0,534,False,yfinance,yfinance,2026-10-02,nan,True
ETNG,current,2026-10-02,2026-10-02,2026-10-02,0,0,0,84,False,yfinance,yfinance,2026-10-02,nan,True
EVMU,current,2026-10-02,2026-10-02,2026-10-02,0,0,0,73,False,market_backed,merged,2026-08-20,market_backed_no_issuer_nav,True
EWV,current,2026-10-02,2026-10-02,2026-10-02,0,0,0,4741,False,proshares,proshares,2026-10-02,nan,True
FAZ,current,2026-10-02,2026-10-02,2026-10-02,0,0,0,4469,False,direxion,direxion,2026-10-02,nan,True
FBX,current,2026-10-02,2026-10-02,2026-10-02,0,0,0,64,False,yfinance,yfinance,2026-10-02,nan,True
FBY,current,2026-10-02,2026-10-02,2026-10-02,0,0,0,775,False,yieldmax,yieldmax,2026-10-02,nan,False
FCXG,current,2026-10-02,2026-10-02,2026-10-02,0,0,0,137,False,yfinance,yfinance,2026-10-02,nan,True
FIGG,current,2026-10-02,2026-10-02,2026-10-02,0,0,0,226,False,yfinance,yfinance,2026-10-02,nan,True
FIXX,current,2026-10-02,2026-10-02,2026-10-02,0,0,0,32,False,yfinance,yfinance,2026-10-02,nan,True
FLEL,current,2026-10-02,2026-10-02,2026-10-02,0,0,0,32,False,yfinance,yfinance,2026-10-02,nan,True
FLYT,current,2026-10-02,2026-10-02,2026-10-02,0,0,0,228,False,tradr_axs,tradr_axs,2026-10-02,nan,True
FNG,current,2026-10-02,2026-10-02,2026-10-02,0,0,0,630,False,yfinance,yfinance,2026-10-02,nan,True
FNGD,current,2026-10-02,2026-10-02,2026-10-02,0,0,0,2175,False,yfinance,yfinance,2026-10-02,nan,True
FOMG,current,2026-10-02,2026-10-02,2026-10-02,0,0,0,65,False,yfinance,yfinance,2026-10-02,nan,True
FPSX,current,2026-10-02,2026-10-02,2026-10-02,0,0,0,65,False,yfinance,yfinance,2026-10-02,nan,True
FUTG,current,2026-10-02,2026-10-02,2026-10-02,0,0,0,230,False,yfinance,yfinance,2026-10-02,nan,True
GDXU,current,2026-10-02,2026-10-02,2026-10-02,0,0,0,1452,False,yfinance,yfinance,2026-10-02,nan,True
GDXW,current,2026-10-02,2026-10-02,2026-10-02,0,0,0,221,False,roundhill,roundhill,2026-10-02,nan,False
GEMG,current,2026-10-02,2026-10-02,2026-10-02,0,0,0,204,False,yfinance,yfinance,2026-10-02,nan,True
GEVG,current,2026-10-02,2026-10-02,2026-10-02,0,0,0,179,False,yfinance,yfinance,2026-10-02,nan,True
GEVX,current,2026-10-02,2026-10-02,2026-10-02,0,0,0,301,False,tradr_axs,tradr_axs,2026-10-02,nan,True
GFSG,current,2026-10-02,2026-10-02,2026-10-02,0,0,0,63,False,yfinance,yfinance,2026-10-02,nan,True
GGLL,current,2026-10-02,2026-10-02,2026-10-02,0,0,0,1006,False,yfinance,yfinance,2026-10-02,nan,True
GLDW,current,2026-10-02,2026-10-02,2026-10-02,0,0,0,221,False,roundhill,roundhill,2026-10-02,nan,False
GLGG,current,2026-10-02,2026-10-02,2026-10-02,0,0,0,267,False,yfinance,yfinance,2026-10-02,nan,True
GLWG,current,2026-10-02,2026-10-02,2026-10-02,0,0,0,126,False,yfinance,yfinance,2026-10-02,nan,True
GMEY,current,2026-10-02,2026-10-02,2026-10-02,0,0,0,256,False,yieldmax,yieldmax,2026-10-02,nan,False
GOGL,current,2026-10-02,2026-10-02,2026-10-02,0,0,0,64,False,yfinance,yfinance,2026-10-02,nan,True
GOOL,current,2026-10-02,2026-10-02,2026-10-02,0,0,0,63,False,yfinance,yfinance,2026-10-02,nan,True
GOOW,current,2026-10-02,2026-10-02,2026-10-02,0,0,0,290,False,roundhill,roundhill,2026-10-02,nan,False
GOOY,current,2026-10-02,2026-10-02,2026-10-02,0,0,0,776,False,yieldmax,yieldmax,2026-10-02,nan,False
GRAG,current,2026-10-02,2026-10-02,2026-10-02,0,0,0,186,False,yfinance,yfinance,2026-10-02,nan,True
GUSH,current,2026-10-02,2026-10-02,2026-10-02,0,0,0,2834,False,direxion,direxion,2026-10-02,nan,True
HIBL,current,2026-10-02,2026-10-02,2026-10-02,0,0,0,1713,False,direxion,direxion,2026-10-02,issuer_lag,True
HIBS,current,2026-10-02,2026-10-02,2026-10-02,0,0,0,1713,False,direxion,direxion,2026-10-02,issuer_lag,True
HIMZ,current,2026-10-02,2026-10-02,2026-10-02,0,0,0,377,False,defiance,defiance,2026-10-02,nan,True
HIYY,current,2026-10-02,2026-10-02,2026-10-02,0,0,0,234,False,yieldmax,yieldmax,2026-10-02,nan,False
HODU,current,2026-10-02,2026-10-02,2026-10-02,0,0,0,198,False,yfinance,yfinance,2026-10-02,nan,True
HONG,current,2026-10-02,2026-10-02,2026-10-02,0,0,0,83,False,yfinance,yfinance,2026-10-02,nan,True
HOOG,current,2026-10-02,2026-10-02,2026-10-02,0,0,0,371,False,yfinance,yfinance,2026-10-02,nan,True
HOOW,current,2026-10-02,2026-10-02,2026-10-02,0,0,0,314,False,roundhill,roundhill,2026-10-02,nan,False
HOOX,current,2026-10-02,2026-10-02,2026-10-02,0,0,0,368,False,defiance,defiance,2026-10-02,nan,True
HOOY,current,2026-10-02,2026-10-02,2026-10-02,0,0,0,328,False,yieldmax,yieldmax,2026-10-02,nan,False
HPEL,current,2026-10-02,2026-10-02,2026-10-02,0,0,0,65,False,yfinance,yfinance,2026-10-02,nan,True
HUTG,current,2026-10-02,2026-10-02,2026-10-02,0,0,0,163,False,yfinance,yfinance,2026-10-02,nan,True
HYGD,current,2026-10-02,2026-10-02,2026-10-02,0,0,0,38,False,yfinance,yfinance,2026-10-02,nan,True
HYGU,current,2026-10-02,2026-10-02,2026-10-02,0,0,0,38,False,yfinance,yfinance,2026-10-02,nan,True
HYNX,current,2026-10-02,2026-10-02,2026-10-02,0,0,0,51,False,yfinance,yfinance,2026-10-02,nan,True
IBX,current,2026-10-02,2026-10-02,2026-10-02,0,0,0,125,False,tradr_axs,tradr_axs,2026-10-02,nan,True
INFH,current,2026-10-02,2026-10-02,2026-10-02,0,0,0,73,False,defiance,defiance,2026-10-02,nan,True
IONX,current,2026-10-02,2026-10-02,2026-10-02,0,0,0,380,False,defiance,defiance,2026-10-02,nan,True
IONZ,current,2026-10-02,2026-10-02,2026-10-02,0,0,0,309,False,defiance,defiance,2026-10-02,nan,True
IRE,current,2026-10-02,2026-10-02,2026-10-02,0,0,0,224,False,defiance,defiance,2026-10-02,nan,True
IREG,current,2026-10-02,2026-10-02,2026-10-02,0,0,0,184,False,yfinance,yfinance,2026-10-02,nan,True
IREX,current,2026-10-02,2026-10-02,2026-10-02,0,0,0,228,False,tradr_axs,tradr_axs,2026-10-02,nan,True
IREZ,current,2026-10-02,2026-10-02,2026-10-02,0,0,0,167,False,tradr_axs,tradr_axs,2026-10-02,nan,True
JBLG,current,2026-10-02,2026-10-02,2026-10-02,0,0,0,63,False,yfinance,yfinance,2026-10-02,nan,True
JEPI,current,2026-10-02,2026-10-02,2026-10-02,0,0,0,1584,False,yfinance,yfinance,2026-10-02,nan,False
JEPQ,current,2026-10-02,2026-10-02,2026-10-02,0,0,0,1095,False,yfinance,yfinance,2026-10-02,nan,False
JNUG,current,2026-10-02,2026-10-02,2026-10-02,0,0,0,3248,False,direxion,direxion,2026-10-02,nan,True
JOBX,current,2026-10-02,2026-10-02,2026-10-02,0,0,0,260,False,tradr_axs,tradr_axs,2026-10-02,nan,True
JPND,current,2026-10-02,2026-10-02,2026-10-02,0,0,0,31,False,yfinance,yfinance,2026-10-02,nan,True
JPNU,current,2026-10-02,2026-10-02,2026-10-02,0,0,0,31,False,yfinance,yfinance,2026-10-02,nan,True
KATT,current,2026-10-02,2026-10-02,2026-10-02,0,0,0,18,False,merged,,,anchor_lag,True
KEEX,current,2026-10-02,2026-10-02,2026-10-02,0,0,0,176,False,defiance,defiance,2026-10-02,nan,True
KEYG,current,2026-10-02,2026-10-02,2026-10-02,0,0,0,64,False,yfinance,yfinance,2026-10-02,nan,True
KEYX,current,2026-10-02,2026-10-02,2026-10-02,0,0,0,62,False,yfinance,yfinance,2026-10-02,nan,True
KLAG,current,2026-10-02,2026-10-02,2026-10-02,0,0,0,179,False,yfinance,yfinance,2026-10-02,nan,True
KMLI,current,2026-10-02,2026-10-02,2026-10-02,0,0,0,329,False,yfinance,yfinance,2026-10-02,nan,True
KORU,current,2026-10-02,2026-10-02,2026-10-02,0,0,0,3369,False,direxion,direxion,2026-10-02,issuer_lag,True
LABD,current,2026-10-02,2026-10-02,2026-10-02,0,0,0,2831,False,direxion,direxion,2026-10-02,nan,True
LABU,current,2026-10-02,2026-10-02,2026-10-02,0,0,0,2833,False,direxion,direxion,2026-10-02,nan,True
LABX,current,2026-10-02,2026-10-02,2026-10-02,0,0,0,279,False,tradr_axs,tradr_axs,2026-10-02,nan,True
LASC,current,2026-10-02,2026-10-02,2026-10-02,0,0,0,64,False,yfinance,yfinance,2026-10-02,nan,True
LEUX,current,2026-10-02,2026-10-02,2026-10-02,0,0,0,148,False,tradr_axs,tradr_axs,2026-10-02,nan,True
LINT,current,2026-10-02,2026-10-02,2026-10-02,0,0,0,199,False,yfinance,yfinance,2026-10-02,nan,True
LITG,current,2026-10-02,2026-10-02,2026-10-02,0,0,0,34,False,yfinance,yfinance,2026-10-02,nan,True
LITU,current,2026-10-02,2026-10-02,2026-10-02,0,0,0,79,False,yfinance,yfinance,2026-10-02,nan,True
LITX,current,2026-10-02,2026-10-02,2026-10-02,0,0,0,164,False,tradr_axs,tradr_axs,2026-10-02,nan,True
LITZ,current,2026-10-02,2026-10-02,2026-10-02,0,0,0,103,False,tradr_axs,tradr_axs,2026-10-02,nan,True
LLYX,current,2026-10-02,2026-10-02,2026-10-02,0,0,0,527,False,defiance,defiance,2026-10-02,nan,True
LMTL,current,2026-10-02,2026-10-02,2026-10-02,0,0,0,274,False,yfinance,yfinance,2026-10-02,nan,True
LNOK,current,2026-10-02,2026-10-02,2026-10-02,0,0,0,160,False,defiance,defiance,2026-10-02,nan,True
LOFD,current,2026-10-02,2026-10-02,2026-10-02,0,0,0,41,False,market_backed,yfinance,2026-10-01,market_backed_no_issuer_nav,True
LOFF,current,2026-10-02,2026-10-02,2026-10-02,0,0,0,69,False,market_backed,yfinance,2026-09-28,market_backed_no_issuer_nav,True
LQDD,current,2026-10-02,2026-10-02,2026-10-02,0,0,0,38,False,yfinance,yfinance,2026-10-02,nan,True
LQDU,current,2026-10-02,2026-10-02,2026-10-02,0,0,0,38,False,yfinance,yfinance,2026-10-02,nan,True
LRCU,current,2026-10-02,2026-10-02,2026-10-02,0,0,0,274,False,tradr_axs,tradr_axs,2026-10-02,nan,True
LRNX,current,2026-10-02,2026-10-02,2026-10-02,0,0,0,64,False,yfinance,yfinance,2026-10-02,nan,True
LULG,current,2026-10-02,2026-10-02,2026-10-02,0,0,0,209,False,yfinance,yfinance,2026-10-02,nan,True
LUNL,current,2026-10-02,2026-10-02,2026-10-02,0,0,0,164,False,defiance,defiance,2026-10-02,nan,True
LWLX,current,2026-10-02,2026-10-02,2026-10-02,0,0,0,33,False,tradr_axs,tradr_axs,2026-10-02,nan,True
MARO,current,2026-10-02,2026-10-02,2026-10-02,0,0,0,430,False,yieldmax,yieldmax,2026-10-02,nan,False
MCHG,current,2026-10-02,2026-10-02,2026-10-02,0,0,0,69,False,yfinance,yfinance,2026-10-02,nan,True
MCHU,current,2026-10-02,2026-10-02,2026-10-02,0,0,0,81,False,tradr_axs,tradr_axs,2026-10-02,nan,True
METG,current,2026-10-02,2026-10-02,2026-10-02,0,0,0,63,False,yfinance,yfinance,2026-10-02,nan,True
METQ,current,2026-10-02,2026-10-02,2026-10-02,0,0,0,33,False,tradr_axs,tradr_axs,2026-10-02,nan,True
METU,current,2026-10-02,2026-10-02,2026-10-02,0,0,0,564,False,direxion,direxion,2026-10-02,nan,True
METW,current,2026-10-02,2026-10-02,2026-10-02,0,0,0,314,False,roundhill,roundhill,2026-10-02,nan,False
MEXX,current,2026-10-02,2026-10-02,2026-10-02,0,0,0,2348,False,direxion,direxion,2026-10-02,issuer_lag,True
MIC,current,2026-10-02,2026-10-02,2026-10-02,0,0,0,64,False,yfinance,yfinance,2026-10-02,nan,True
MNGU,current,2026-10-02,2026-10-02,2026-10-02,0,0,0,25,False,market_backed,,,market_backed_no_issuer_nav,True
MNSX,current,2026-10-02,2026-10-02,2026-10-02,0,0,0,61,False,yfinance,yfinance,2026-10-02,nan,True
MPG,current,2026-10-02,2026-10-02,2026-10-02,0,0,0,220,False,yfinance,yfinance,2026-10-02,nan,True
MPWX,current,2026-10-02,2026-10-02,2026-10-02,0,0,0,103,False,tradr_axs,tradr_axs,2026-10-02,nan,True
MRAX,current,2026-10-02,2026-10-02,2026-10-02,0,0,0,34,False,tradr_axs,tradr_axs,2026-10-02,nan,True
MRNX,current,2026-10-02,2026-10-02,2026-10-02,0,0,0,151,False,defiance,defiance,2026-10-02,nan,True
MRNY,current,2026-10-02,2026-10-02,2026-10-02,0,0,0,714,False,yieldmax,yieldmax,2026-10-02,nan,False
MRVU,current,2026-10-02,2026-10-02,2026-10-02,0,0,0,143,False,yfinance,yfinance,2026-10-02,nan,True
MSFC,current,2026-10-02,2026-10-02,2026-10-02,0,0,0,60,False,yfinance,yfinance,2026-10-02,nan,True
MSFO,current,2026-10-02,2026-10-02,2026-10-02,0,0,0,749,False,yfinance,yfinance,2026-10-02,nan,False
MSFU,current,2026-10-02,2026-10-02,2026-10-02,0,0,0,1003,False,direxion,direxion,2026-10-02,nan,True
MSFW,current,2026-10-02,2026-10-02,2026-10-02,0,0,0,290,False,roundhill,roundhill,2026-10-02,nan,False
MSIX,current,2026-10-02,2026-10-02,2026-10-02,0,0,0,63,False,yfinance,yfinance,2026-10-02,nan,True
MSTC,current,2026-10-02,2026-10-02,2026-10-02,0,0,0,65,False,yfinance,yfinance,2026-10-02,nan,True
MSTW,current,2026-10-02,2026-10-02,2026-10-02,0,0,0,290,False,roundhill,roundhill,2026-10-02,nan,False
MSTX,current,2026-10-02,2026-10-02,2026-10-02,0,0,0,520,False,defiance,defiance,2026-10-02,nan,True
MSTY,current,2026-10-02,2026-10-02,2026-10-02,0,0,0,633,False,yieldmax,yieldmax,2026-10-02,nan,False
MTSG,current,2026-10-02,2026-10-02,2026-10-02,0,0,0,65,False,yfinance,yfinance,2026-10-02,nan,True
MUG,current,2026-10-02,2026-10-02,2026-10-02,0,0,0,32,False,merged,,,anchor_lag,True
MUU,current,2026-10-02,2026-10-02,2026-10-02,0,0,0,480,False,yfinance,yfinance,2026-10-02,nan,True
MUZ,current,2026-10-02,2026-10-02,2026-10-02,0,0,0,72,False,yfinance,yfinance,2026-10-02,nan,True
MXLL,current,2026-10-02,2026-10-02,2026-10-02,0,0,0,34,False,yfinance,yfinance,2026-10-02,nan,True
NBIG,current,2026-10-02,2026-10-02,2026-10-02,0,0,0,219,False,yfinance,yfinance,2026-10-02,nan,True
NBIZ,current,2026-10-02,2026-10-02,2026-10-02,0,0,0,170,False,tradr_axs,tradr_axs,2026-10-02,nan,True
NEBX,current,2026-10-02,2026-10-02,2026-10-02,0,0,0,260,False,tradr_axs,tradr_axs,2026-10-02,nan,True
NEMG,current,2026-10-02,2026-10-02,2026-10-02,0,0,0,199,False,yfinance,yfinance,2026-10-02,nan,True
NETG,current,2026-10-02,2026-10-02,2026-10-02,0,0,0,201,False,yfinance,yfinance,2026-10-02,nan,True
NFLW,current,2026-10-02,2026-10-02,2026-10-02,0,0,0,314,False,roundhill,roundhill,2026-10-02,nan,False
NFLY,current,2026-10-02,2026-10-02,2026-10-02,0,0,0,767,False,yieldmax,yieldmax,2026-10-02,nan,False
NFXL,current,2026-10-02,2026-10-02,2026-10-02,0,0,0,483,False,yfinance,yfinance,2026-10-02,nan,True
NIOG,current,2026-10-02,2026-10-02,2026-10-02,0,0,0,176,False,yfinance,yfinance,2026-10-02,nan,True
NUG,current,2026-10-02,2026-10-02,2026-10-02,0,0,0,199,False,yfinance,yfinance,2026-10-02,nan,True
NUGT,current,2026-10-02,2026-10-02,2026-10-02,0,0,0,3955,False,direxion,direxion,2026-10-02,nan,True
NVC,current,2026-10-02,2026-10-02,2026-10-02,0,0,0,64,False,yfinance,yfinance,2026-10-02,nan,True
NVDB,current,2026-10-02,2026-10-02,2026-10-02,0,0,0,259,False,proshares,proshares,2026-10-02,nan,True
NVDG,current,2026-10-02,2026-10-02,2026-10-02,0,0,0,437,False,yfinance,yfinance,2026-10-02,nan,True
NVDS,current,2026-10-02,2026-10-02,2026-10-02,0,0,0,1051,False,tradr_axs,tradr_axs,2026-10-02,nan,True
NVDU,current,2026-10-02,2026-10-02,2026-10-02,0,0,0,747,False,direxion,direxion,2026-10-02,nan,True
NVDW,current,2026-10-02,2026-10-02,2026-10-02,0,0,0,397,False,roundhill,roundhill,2026-10-02,nan,False
NVDY,current,2026-10-02,2026-10-02,2026-10-02,0,0,0,828,False,yieldmax,yieldmax,2026-10-02,nan,False
NVOX,current,2026-10-02,2026-10-02,2026-10-02,0,0,0,442,False,defiance,defiance,2026-10-02,nan,True
NVTX,current,2026-10-02,2026-10-02,2026-10-02,0,0,0,260,False,tradr_axs,tradr_axs,2026-10-02,nan,True
NXPG,current,2026-10-02,2026-10-02,2026-10-02,0,0,0,74,False,yfinance,yfinance,2026-10-02,nan,True
NXPX,current,2026-10-02,2026-10-02,2026-10-02,0,0,0,81,False,tradr_axs,tradr_axs,2026-10-02,nan,True
OCNL,current,2026-10-02,2026-10-02,2026-10-02,0,0,0,41,False,yfinance,yfinance,2026-10-02,nan,True
OKLL,current,2026-10-02,2026-10-02,2026-10-02,0,0,0,309,False,defiance,defiance,2026-10-02,nan,True
OKTG,current,2026-10-02,2026-10-02,2026-10-02,0,0,0,200,False,yfinance,yfinance,2026-10-02,nan,True
ONDG,current,2026-10-02,2026-10-02,2026-10-02,0,0,0,166,False,yfinance,yfinance,2026-10-02,nan,True
ONDL,current,2026-10-02,2026-10-02,2026-10-02,0,0,0,177,False,defiance,defiance,2026-10-02,nan,True
ONG,current,2026-10-02,2026-10-02,2026-10-02,0,0,0,391,False,yfinance,yfinance,2026-10-02,nan,True
ONTX,current,2026-10-02,2026-10-02,2026-10-02,0,0,0,64,False,yfinance,yfinance,2026-10-02,nan,True
ONX,current,2026-10-02,2026-10-02,2026-10-02,0,0,0,86,False,tradr_axs,tradr_axs,2026-10-02,nan,True
OPEG,current,2026-10-02,2026-10-02,2026-10-02,0,0,0,187,False,yfinance,yfinance,2026-10-02,nan,True
OPEX,current,2026-10-02,2026-10-02,2026-10-02,0,0,0,228,False,tradr_axs,tradr_axs,2026-10-02,nan,True
ORCU,current,2026-10-02,2026-10-02,2026-10-02,0,0,0,205,False,yfinance,yfinance,2026-10-02,nan,True
ORCX,current,2026-10-02,2026-10-02,2026-10-02,0,0,0,402,False,defiance,defiance,2026-10-02,nan,True
ORCZ,current,2026-10-02,2026-10-02,2026-10-02,0,0,0,50,False,tradr_axs,tradr_axs,2026-10-02,nan,True
OSCX,current,2026-10-02,2026-10-02,2026-10-02,0,0,0,235,False,defiance,defiance,2026-10-02,nan,True
OSSL,current,2026-10-02,2026-10-02,2026-10-02,0,0,0,71,False,defiance,defiance,2026-10-02,nan,True
OUSL,current,2026-10-02,2026-10-02,2026-10-02,0,0,0,50,False,defiance,defiance,2026-10-02,nan,True
PALU,current,2026-10-02,2026-10-02,2026-10-02,0,0,0,365,False,yfinance,yfinance,2026-10-02,nan,True
PANG,current,2026-10-02,2026-10-02,2026-10-02,0,0,0,369,False,yfinance,yfinance,2026-10-02,nan,True
PBRG,current,2026-10-02,2026-10-02,2026-10-02,0,0,0,182,False,yfinance,yfinance,2026-10-02,nan,True
PENU,current,2026-10-02,2026-10-02,2026-10-02,0,0,0,41,False,yfinance,yfinance,2026-10-02,nan,True
PLTA,current,2026-10-02,2026-10-02,2026-10-02,0,0,0,259,False,proshares,proshares,2026-10-02,nan,True
PLTG,current,2026-10-02,2026-10-02,2026-10-02,0,0,0,344,False,yfinance,yfinance,2026-10-02,nan,True
PLTL,current,2026-10-02,2026-10-02,2026-10-02,0,0,0,61,False,yfinance,yfinance,2026-10-02,nan,True
PLTU,current,2026-10-02,2026-10-02,2026-10-02,0,0,0,434,False,direxion,direxion,2026-10-02,nan,True
PLTW,current,2026-10-02,2026-10-02,2026-10-02,0,0,0,397,False,roundhill,roundhill,2026-10-02,nan,False
PLTY,current,2026-10-02,2026-10-02,2026-10-02,0,0,0,474,False,yieldmax,yieldmax,2026-10-02,nan,False
PLTZ,current,2026-10-02,2026-10-02,2026-10-02,0,0,0,318,False,defiance,defiance,2026-10-02,nan,True
PLU,current,2026-10-02,2026-10-02,2026-10-02,0,0,0,170,False,defiance,defiance,2026-10-02,nan,True
PLUL,current,2026-10-02,2026-10-02,2026-10-02,0,0,0,158,False,yfinance,yfinance,2026-10-02,nan,True
POEL,current,2026-10-02,2026-10-02,2026-10-02,0,0,0,98,False,defiance,defiance,2026-10-02,nan,True
PONX,current,2026-10-02,2026-10-02,2026-10-02,0,0,0,260,False,tradr_axs,tradr_axs,2026-10-02,nan,True
PUR,current,2026-10-02,2026-10-02,2026-10-02,0,0,0,52,False,defiance,defiance,2026-10-02,nan,True
PYPG,current,2026-10-02,2026-10-02,2026-10-02,0,0,0,355,False,yfinance,yfinance,2026-10-02,nan,True
PYPU,current,2026-10-02,2026-10-02,2026-10-02,0,0,0,104,False,market_backed,merged,2026-08-20,market_backed_no_issuer_nav,True
PYPY,current,2026-10-02,2026-10-02,2026-10-02,0,0,0,733,False,yieldmax,yieldmax,2026-10-02,nan,False
QBTX,current,2026-10-02,2026-10-02,2026-10-02,0,0,0,353,False,tradr_axs,tradr_axs,2026-10-02,nan,True
QBTZ,current,2026-10-02,2026-10-02,2026-10-02,0,0,0,236,False,defiance,defiance,2026-10-02,nan,True
QCMU,current,2026-10-02,2026-10-02,2026-10-02,0,0,0,302,False,yfinance,yfinance,2026-10-02,nan,True
QID,current,2026-10-02,2026-10-02,2026-10-02,0,0,0,5073,False,proshares,proshares,2026-10-02,nan,True
QNTU,current,2026-10-02,2026-10-02,2026-10-02,0,0,0,64,False,tradr_axs,tradr_axs,2026-10-02,nan,True
QPUX,current,2026-10-02,2026-10-02,2026-10-02,0,0,0,276,False,defiance,defiance,2026-10-02,nan,True
QQQX,current,2026-10-02,2026-10-02,2026-10-02,0,0,0,4933,False,yfinance,yfinance,2026-08-25,market_backed_no_issuer_nav,False
QSU,current,2026-10-02,2026-10-02,2026-10-02,0,0,0,213,False,defiance,defiance,2026-10-02,nan,True
QUBX,current,2026-10-02,2026-10-02,2026-10-02,0,0,0,313,False,tradr_axs,tradr_axs,2026-10-02,nan,True
QYLD,current,2026-10-02,2026-10-02,2026-10-02,0,0,0,3204,False,yfinance,yfinance,2026-10-02,nan,False
QYLG,current,2026-10-02,2026-10-02,2026-10-02,0,0,0,1492,False,yfinance,yfinance,2026-10-02,nan,False
RAML,current,2026-10-02,2026-10-02,2026-10-02,0,0,0,51,False,yfinance,yfinance,2026-10-02,nan,True
RBLY,current,2026-10-02,2026-10-02,2026-10-02,0,0,0,273,False,yieldmax,yieldmax,2026-10-02,nan,False
RCAX,current,2026-10-02,2026-10-02,2026-10-02,0,0,0,154,False,defiance,defiance,2026-10-02,nan,True
RDYY,current,2026-10-02,2026-10-02,2026-10-02,0,0,0,255,False,yieldmax,yieldmax,2026-10-02,nan,False
REW,current,2026-10-02,2026-10-02,2026-10-02,0,0,0,4930,False,proshares,proshares,2026-10-02,nan,True
RGTU,current,2026-10-02,2026-10-02,2026-10-02,0,0,0,313,False,tradr_axs,tradr_axs,2026-10-02,nan,True
RGTX,current,2026-10-02,2026-10-02,2026-10-02,0,0,0,363,False,defiance,defiance,2026-10-02,nan,True
RGTZ,current,2026-10-02,2026-10-02,2026-10-02,0,0,0,231,False,defiance,defiance,2026-10-02,nan,True
RIOX,current,2026-10-02,2026-10-02,2026-10-02,0,0,0,422,False,defiance,defiance,2026-10-02,nan,True
RKLX,current,2026-10-02,2026-10-02,2026-10-02,0,0,0,380,False,defiance,defiance,2026-10-02,nan,True
RKLZ,current,2026-10-02,2026-10-02,2026-10-02,0,0,0,206,False,defiance,defiance,2026-10-02,nan,True
RMBC,current,2026-10-02,2026-10-02,2026-10-02,0,0,0,64,False,yfinance,yfinance,2026-10-02,nan,True
RMBX,current,2026-10-02,2026-10-02,2026-10-02,0,0,0,64,False,tradr_axs,tradr_axs,2026-10-02,nan,True
RTXG,current,2026-10-02,2026-10-02,2026-10-02,0,0,0,311,False,yfinance,yfinance,2026-10-02,nan,True
RYLD,current,2026-10-02,2026-10-02,2026-10-02,0,0,0,1851,False,yfinance,yfinance,2026-10-02,nan,False
SCO,current,2026-10-02,2026-10-02,2026-10-02,0,0,0,4479,False,proshares,proshares,2026-10-02,nan,True
SDOW,current,2026-10-02,2026-10-02,2026-10-02,0,0,0,4173,False,proshares,proshares,2026-10-02,nan,True
SDS,current,2026-10-02,2026-10-02,2026-10-02,0,0,0,5075,False,proshares,proshares,2026-10-02,nan,True
SHPU,current,2026-10-02,2026-10-02,2026-10-02,0,0,0,272,False,yfinance,yfinance,2026-10-02,nan,True
SIMX,current,2026-10-02,2026-10-02,2026-10-02,0,0,0,64,False,yfinance,yfinance,2026-10-02,nan,True
SITX,current,2026-10-02,2026-10-02,2026-10-02,0,0,0,34,False,tradr_axs,tradr_axs,2026-10-02,nan,True
SK,current,2026-10-02,2026-10-02,2026-10-02,0,0,0,51,False,yfinance,yfinance,2026-10-02,nan,True
SKF,current,2026-10-02,2026-10-02,2026-10-02,0,0,0,4934,False,proshares,proshares,2026-10-02,nan,True
SKHA,current,2026-10-02,2026-10-02,2026-10-02,0,0,0,43,False,yfinance,yfinance,2026-10-02,nan,True
SKHL,current,2026-10-02,2026-10-02,2026-10-02,0,0,0,50,False,yfinance,yfinance,2026-10-02,nan,True
SKHN,current,2026-10-02,2026-10-02,2026-10-02,0,0,0,43,False,tradr_axs,tradr_axs,2026-10-02,nan,True
SKHQ,current,2026-10-02,2026-10-02,2026-10-02,0,0,0,19,False,merged,,,nan,True
SKHU,current,2026-10-02,2026-10-02,2026-10-02,0,0,0,51,False,proshares,proshares,2026-10-02,nan,True
SKHX,current,2026-10-02,2026-10-02,2026-10-02,0,0,0,51,False,yfinance,yfinance,2026-10-02,nan,True
SKHZ,current,2026-10-02,2026-10-02,2026-10-02,0,0,0,50,False,yfinance,yfinance,2026-10-02,nan,True
SMCX,current,2026-10-02,2026-10-02,2026-10-02,0,0,0,517,False,defiance,defiance,2026-10-02,nan,True
SMCY,current,2026-10-02,2026-10-02,2026-10-02,0,0,0,492,False,yieldmax,yieldmax,2026-10-02,issuer_lag,False
SMCZ,current,2026-10-02,2026-10-02,2026-10-02,0,0,0,366,False,defiance,defiance,2026-10-02,nan,True
SMST,current,2026-10-02,2026-10-02,2026-10-02,0,0,0,516,False,defiance,defiance,2026-10-02,nan,True
SMTG,current,2026-10-02,2026-10-02,2026-10-02,0,0,0,71,False,yfinance,yfinance,2026-10-02,nan,True
SMU,current,2026-10-02,2026-10-02,2026-10-02,0,0,0,301,False,tradr_axs,tradr_axs,2026-10-02,nan,True
SMZ,current,2026-10-02,2026-10-02,2026-10-02,0,0,0,153,False,tradr_axs,tradr_axs,2026-10-02,nan,True
SNAG,current,2026-10-02,2026-10-02,2026-10-02,0,0,0,175,False,yfinance,yfinance,2026-10-02,nan,True
SNDC,current,2026-10-02,2026-10-02,2026-10-02,0,0,0,64,False,yfinance,yfinance,2026-10-02,nan,True
SNDG,current,2026-10-02,2026-10-02,2026-10-02,0,0,0,85,False,yfinance,yfinance,2026-10-02,nan,True
SNDQ,current,2026-10-02,2026-10-02,2026-10-02,0,0,0,103,False,tradr_axs,tradr_axs,2026-10-02,nan,True
SNOY,current,2026-10-02,2026-10-02,2026-10-02,0,0,0,556,False,yieldmax,yieldmax,2026-10-02,nan,False
SNXX,current,2026-10-02,2026-10-02,2026-10-02,0,0,0,164,False,tradr_axs,tradr_axs,2026-10-02,nan,True
SOFA,current,2026-10-02,2026-10-02,2026-10-02,0,0,0,143,False,yfinance,yfinance,2026-10-02,nan,True
SOFX,current,2026-10-02,2026-10-02,2026-10-02,0,0,0,416,False,defiance,defiance,2026-10-02,nan,True
SOLT,current,2026-10-02,2026-10-02,2026-10-02,0,0,0,192,False,yfinance,yfinance,2026-10-02,nan,True
SOUX,current,2026-10-02,2026-10-02,2026-10-02,0,0,0,306,False,defiance,defiance,2026-10-02,nan,True
SOXL,current,2026-10-02,2026-10-02,2026-10-02,0,0,0,4145,False,direxion,direxion,2026-10-02,issuer_lag,True
SOXS,current,2026-10-02,2026-10-02,2026-10-02,0,0,0,4143,False,direxion,direxion,2026-10-02,issuer_lag,True
SPAX,current,2026-10-02,2026-10-02,2026-10-02,0,0,0,69,False,yfinance,yfinance,2026-10-02,nan,True
SPCF,current,2026-10-02,2026-10-02,2026-10-02,0,0,0,69,False,proshares,proshares,2026-10-02,nan,True
SPCG,current,2026-10-02,2026-10-02,2026-10-02,0,0,0,71,False,tradr_axs,tradr_axs,2026-10-02,nan,True
SPCH,current,2026-10-02,2026-10-02,2026-10-02,0,0,0,68,False,yfinance,yfinance,2026-10-02,nan,True
SPCL,current,2026-10-02,2026-10-02,2026-10-02,0,0,0,69,False,defiance,defiance,2026-10-02,nan,True
SPCM,current,2026-10-02,2026-10-02,2026-10-02,0,0,0,69,False,tradr_axs,tradr_axs,2026-10-02,nan,True
SPCU,current,2026-10-02,2026-10-02,2026-10-02,0,0,0,67,False,defiance,defiance,2026-10-02,nan,True
SPOG,current,2026-10-02,2026-10-02,2026-10-02,0,0,0,195,False,yfinance,yfinance,2026-10-02,nan,True
SPXL,current,2026-10-02,2026-10-02,2026-10-02,0,0,0,4482,False,direxion,direxion,2026-10-02,nan,True
SPXS,current,2026-10-02,2026-10-02,2026-10-02,0,0,0,4471,False,direxion,direxion,2026-10-02,nan,True
SPXU,current,2026-10-02,2026-10-02,2026-10-02,0,0,0,4333,False,proshares,proshares,2026-10-02,nan,True
SPYI,current,2026-10-02,2026-10-02,2026-10-02,0,0,0,1011,False,yfinance,yfinance,2026-10-02,nan,False
SQQQ,current,2026-10-02,2026-10-02,2026-10-02,0,0,0,4172,False,proshares,proshares,2026-10-02,nan,True
SSPC,current,2026-10-02,2026-10-02,2026-10-02,0,0,0,69,False,yfinance,yfinance,2026-10-02,nan,True
STLL,current,2026-10-02,2026-10-02,2026-10-02,0,0,0,34,False,yfinance,yfinance,2026-10-02,nan,True
STLU,current,2026-10-02,2026-10-02,2026-10-02,0,0,0,103,False,yfinance,yfinance,2026-10-02,nan,True
STMX,current,2026-10-02,2026-10-02,2026-10-02,0,0,0,32,False,yfinance,yfinance,2026-10-02,nan,True
STSM,current,2026-10-02,2026-10-02,2026-10-02,0,0,0,203,False,defiance,defiance,2026-10-02,nan,True
STXL,current,2026-10-02,2026-10-02,2026-10-02,0,0,0,96,False,defiance,defiance,2026-10-02,nan,True
STXU,current,2026-10-02,2026-10-02,2026-10-02,0,0,0,82,False,yfinance,yfinance,2026-10-02,nan,True
STXX,current,2026-10-02,2026-10-02,2026-10-02,0,0,0,103,False,tradr_axs,tradr_axs,2026-10-02,nan,True
SUIL,current,2026-10-02,2026-10-02,2026-10-02,0,0,0,91,False,yfinance,yfinance,2026-10-02,nan,True
TARK,current,2026-10-02,2026-10-02,2026-10-02,0,0,0,1101,False,tradr_axs,tradr_axs,2026-10-02,nan,True
TAWN,current,2026-10-02,2026-10-02,2026-10-02,0,0,0,31,False,yfinance,yfinance,2026-10-02,nan,True
TBT,current,2026-10-02,2026-10-02,2026-10-02,0,0,0,4605,False,proshares,proshares,2026-10-02,nan,True
TBX,current,2026-10-02,2026-10-02,2026-10-02,0,0,0,3886,False,proshares,proshares,2026-10-02,nan,True
TECS,current,2026-10-02,2026-10-02,2026-10-02,0,0,0,4441,False,direxion,direxion,2026-10-02,nan,True
TELG,current,2026-10-02,2026-10-02,2026-10-02,0,0,0,63,False,yfinance,yfinance,2026-10-02,nan,True
TEMT,current,2026-10-02,2026-10-02,2026-10-02,0,0,0,341,False,tradr_axs,tradr_axs,2026-10-02,nan,True
TERG,current,2026-10-02,2026-10-02,2026-10-02,0,0,0,196,False,yfinance,yfinance,2026-10-02,nan,True
TESC,current,2026-10-02,2026-10-02,2026-10-02,0,0,0,64,False,yfinance,yfinance,2026-10-02,nan,True
TMV,current,2026-10-02,2026-10-02,2026-10-02,0,0,0,4372,False,direxion,direxion,2026-10-02,nan,True
TOPW,current,2026-10-02,2026-10-02,2026-10-02,0,0,0,261,False,roundhill,roundhill,2026-10-02,nan,False
TPEI,current,2026-10-02,2026-10-02,2026-10-02,0,0,0,31,False,yfinance,yfinance,2026-10-02,nan,True
TPLX,current,2026-10-02,2026-10-02,2026-10-02,0,0,0,62,False,yfinance,yfinance,2026-10-02,nan,True
TQQQ,current,2026-10-02,2026-10-02,2026-10-02,0,0,0,4173,False,proshares,proshares,2026-10-02,nan,True
TSEG,current,2026-10-02,2026-10-02,2026-10-02,0,0,0,69,False,yfinance,yfinance,2026-10-02,nan,True
TSEU,current,2026-10-02,2026-10-02,2026-10-02,0,0,0,64,False,tradr_axs,tradr_axs,2026-10-02,nan,True
TSLG,current,2026-10-02,2026-10-02,2026-10-02,0,0,0,432,False,yfinance,yfinance,2026-10-02,nan,True
TSLI,current,2026-10-02,2026-10-02,2026-10-02,0,0,0,259,False,proshares,proshares,2026-10-02,nan,True
TSLL,current,2026-10-02,2026-10-02,2026-10-02,0,0,0,1023,False,direxion,direxion,2026-10-02,issuer_lag,True
TSLQ,current,2026-10-02,2026-10-02,2026-10-02,0,0,0,1051,False,tradr_axs,tradr_axs,2026-10-02,nan,True
TSLW,current,2026-10-02,2026-10-02,2026-10-02,0,0,0,397,False,roundhill,roundhill,2026-10-02,nan,False
TSLY,current,2026-10-02,2026-10-02,2026-10-02,0,0,0,943,False,yieldmax,yieldmax,2026-10-02,issuer_lag,False
TSMG,current,2026-10-02,2026-10-02,2026-10-02,0,0,0,415,False,yfinance,yfinance,2026-10-02,nan,True
TSMX,current,2026-10-02,2026-10-02,2026-10-02,0,0,0,484,False,yfinance,yfinance,2026-10-02,nan,True
TSMY,current,2026-10-02,2026-10-02,2026-10-02,0,0,0,507,False,yieldmax,yieldmax,2026-10-02,nan,False
TSYW,current,2026-10-02,2026-10-02,2026-10-02,0,0,0,211,False,roundhill,roundhill,2026-10-02,nan,False
TTMX,current,2026-10-02,2026-10-02,2026-10-02,0,0,0,64,False,tradr_axs,tradr_axs,2026-10-02,nan,True
TWM,current,2026-10-02,2026-10-02,2026-10-02,0,0,0,4941,False,proshares,proshares,2026-10-02,nan,True
TWSC,current,2026-10-02,2026-10-02,2026-10-02,0,0,0,63,False,yfinance,yfinance,2026-10-02,nan,True
TXNU,current,2026-10-02,2026-10-02,2026-10-02,0,0,0,102,False,market_backed,yfinance,2026-09-08,market_backed_no_issuer_nav,True
TXXD,current,2026-10-02,2026-10-02,2026-10-02,0,0,0,155,False,yfinance,yfinance,2026-10-02,nan,True
TXXH,current,2026-10-02,2026-10-02,2026-10-02,0,0,0,91,False,yfinance,yfinance,2026-10-02,nan,True
TXXS,current,2026-10-02,2026-10-02,2026-10-02,0,0,0,134,False,yfinance,yfinance,2026-10-02,nan,True
TZA,current,2026-10-02,2026-10-02,2026-10-02,0,0,0,4472,False,direxion,direxion,2026-10-02,nan,True
UBEW,current,2026-10-02,2026-10-02,2026-10-02,0,0,0,226,False,roundhill,roundhill,2026-10-02,nan,False
UCTX,current,2026-10-02,2026-10-02,2026-10-02,0,0,0,64,False,yfinance,yfinance,2026-10-02,nan,True
UECG,current,2026-10-02,2026-10-02,2026-10-02,0,0,0,138,False,yfinance,yfinance,2026-10-02,nan,True
UGLD,current,2026-10-02,2026-10-02,2026-10-02,0,0,0,71,False,market_backed,yfinance,2026-09-28,market_backed_no_issuer_nav,True
UMAL,current,2026-10-02,2026-10-02,2026-10-02,0,0,0,66,False,defiance,defiance,2026-10-02,nan,True
UMCU,current,2026-10-02,2026-10-02,2026-10-02,0,0,0,34,False,tradr_axs,tradr_axs,2026-10-02,nan,True
UMCX,current,2026-10-02,2026-10-02,2026-10-02,0,0,0,61,False,yfinance,yfinance,2026-10-02,nan,True
UNHG,current,2026-10-02,2026-10-02,2026-10-02,0,0,0,281,False,yfinance,yfinance,2026-10-02,nan,True
UNHU,current,2026-10-02,2026-10-02,2026-10-02,0,0,0,114,False,direxion,direxion,2026-10-02,issuer_lag,True
UNHW,current,2026-10-02,2026-10-02,2026-10-02,0,0,0,198,False,roundhill,roundhill,2026-10-02,nan,False
UNX,current,2026-10-02,2026-10-02,2026-10-02,0,0,0,255,False,tradr_axs,tradr_axs,2026-10-02,nan,True
UPSX,current,2026-10-02,2026-10-02,2026-10-02,0,0,0,322,False,tradr_axs,tradr_axs,2026-10-02,nan,True
URAA,current,2026-10-02,2026-10-02,2026-10-02,0,0,0,547,False,yfinance,yfinance,2026-10-02,nan,True
URTY,current,2026-10-02,2026-10-02,2026-10-02,0,0,0,4175,False,proshares,proshares,2026-10-02,nan,True
USGG,current,2026-10-02,2026-10-02,2026-10-02,0,0,0,160,False,yfinance,yfinance,2026-10-02,nan,True
USLV,current,2026-10-02,2026-10-02,2026-10-02,0,0,0,77,False,market_backed,yfinance,2026-09-28,market_backed_no_issuer_nav,True
UUUG,current,2026-10-02,2026-10-02,2026-10-02,0,0,0,161,False,yfinance,yfinance,2026-10-02,nan,True
UVIX,current,2026-10-02,2026-10-02,2026-10-02,0,0,0,1113,False,yfinance,yfinance,2026-10-02,nan,True
UXRP,current,2026-10-02,2026-10-02,2026-10-02,0,0,0,206,False,proshares,proshares,2026-10-02,nan,True
VALG,current,2026-10-02,2026-10-02,2026-10-02,0,0,0,173,False,yfinance,yfinance,2026-10-02,nan,True
VELL,current,2026-10-02,2026-10-02,2026-10-02,0,0,0,67,False,defiance,defiance,2026-10-02,nan,True
VIAG,current,2026-10-02,2026-10-02,2026-10-02,0,0,0,64,False,yfinance,yfinance,2026-10-02,nan,True
VSTL,current,2026-10-02,2026-10-02,2026-10-02,0,0,0,289,False,defiance,defiance,2026-10-02,nan,True
WDCX,current,2026-10-02,2026-10-02,2026-10-02,0,0,0,164,False,tradr_axs,tradr_axs,2026-10-02,nan,True
WEBS,current,2026-10-02,2026-10-02,2026-10-02,0,0,0,1714,False,direxion,direxion,2026-10-02,nan,True
WULX,current,2026-10-02,2026-10-02,2026-10-02,0,0,0,228,False,tradr_axs,tradr_axs,2026-10-02,nan,True
XNDX,current,2026-10-02,2026-10-02,2026-10-02,0,0,0,93,False,tradr_axs,tradr_axs,2026-10-02,nan,True
XOMO,current,2026-10-02,2026-10-02,2026-10-02,0,0,0,750,False,yieldmax,yieldmax,2026-10-02,nan,False
XOMX,current,2026-10-02,2026-10-02,2026-10-02,0,0,0,342,False,yfinance,yfinance,2026-10-02,nan,True
XPEG,current,2026-10-02,2026-10-02,2026-10-02,0,0,0,153,False,yfinance,yfinance,2026-10-02,nan,True
XRPT,current,2026-10-02,2026-10-02,2026-10-02,0,0,0,195,False,yfinance,yfinance,2026-10-02,nan,True
XXRP,current,2026-10-02,2026-10-02,2026-10-02,0,0,0,201,False,yfinance,yfinance,2026-10-02,nan,True
XYLD,current,2026-10-02,2026-10-02,2026-10-02,0,0,0,3317,False,yfinance,yfinance,2026-10-02,nan,False
XYLG,current,2026-10-02,2026-10-02,2026-10-02,0,0,0,1484,False,yfinance,yfinance,2026-10-02,nan,False
XYZG,current,2026-10-02,2026-10-02,2026-10-02,0,0,0,352,False,yfinance,yfinance,2026-10-02,nan,True
XYZY,current,2026-10-02,2026-10-02,2026-10-02,0,0,0,721,False,yieldmax,yieldmax,2026-10-02,nan,False
YINN,current,2026-10-02,2026-10-02,2026-10-02,0,0,0,4208,False,direxion,direxion,2026-10-02,issuer_lag,True
ZSL,current,2026-10-02,2026-10-02,2026-10-02,0,0,0,4472,False,proshares,proshares,2026-10-02,nan,True
